,Adrenal_PTR,Appendices_PTR,Brain_PTR,Colon_PTR,Duodenum_PTR,Endometrium_PTR,Esophagus_PTR,Fallopiantube_PTR,Fat_PTR,Gallbladder_PTR,Heart_PTR,Kidney_PTR,Liver_PTR,Lung_PTR,Lymphnode_PTR,Ovary_PTR,Pancreas_PTR,Placenta_PTR,Prostate_PTR,Rectum_PTR,Salivarygland_PTR,Smallintestine_PTR,Smoothmuscle_PTR,Spleen_PTR,Stomach_PTR,Testis_PTR,Thyroid_PTR,Tonsil_PTR,Urinarybladder_PTR,AAA,AAC,AAG,AAU,ACA,ACC,ACG,ACU,AGA,AGC,AGG,AGU,AUA,AUC,AUG,AUU,CAA,CAC,CAG,CAU,CCA,CCC,CCG,CCU,CGA,CGC,CGG,CGU,CUA,CUC,CUG,CUU,GAA,GAC,GAG,GAU,GCA,GCC,GCG,GCU,GGA,GGC,GGG,GGU,GUA,GUC,GUG,GUU,UAA,UAC,UAG,UAU,UCA,UCC,UCG,UCU,UGA,UGC,UGG,UGU,UUA,UUC,UUG,UUU
Adrenal_PTR,0,0.023907212,0.153965932,0.006079656,-0.007828123,0.049494095,-0.010560463,0.010709686,0.057173462,0.006577433,0.058567761,0.00232635,0.034804944,0.054990584,0.06193897,0.062305437,0.047151222,0.028463844,0.072317513,-0.002079331,0.052593719,-0.000723303,0.06295142,0.058002625,0.077942529,0.04213979,0.019834086,-0.043848341,0.000725434,2.132853853,-1.109273795,-0.151531742,-5.770448352,-0.549839453,1.074631477,-3.548186737,0.743108524,-0.120943729,-3.860377757,-5.158011914,2.224001982,-0.514922173,-0.987172445,-1.544301312,-5.564390152,-2.038066871,3.071592201,-1.000348677,-3.791952601,-0.439838095,-3.639283826,0.757000329,0.255853868,-0.388195594,2.438885561,2.749712301,-6.690099124,-11.81135621,-2.306294864,0.087010263,6.364472735,-1.832848863,-2.229636148,-1.056419087,-2.027868568,1.842008713,0.559313648,2.892800034,-1.438203364,0.639528136,-2.850309976,3.047487888,0.748093439,3.408517298,0.47268921,0.378175619,-0.275955624,23.48210427,2.151118533,5.834939461,2.44929425,3.424643019,0.981872132,-9.240961778,-3.301589865,12.79252358,-3.279818174,0.72196636,-3.705582444,2.601174528,2.597754361,-1.687197854,0.986099592
Appendices_PTR,0.02533587,0,0.011452918,0.06507093,0.004018375,0.008624385,0.03545784,-0.031184618,0.163266817,0.014605198,-0.014749921,-0.00732811,-0.023683721,0.045681035,0.129644508,0.005604509,0.040349174,0.024603959,0.000598622,0.0633681,-0.002893339,0.06175167,0.016802504,0.157124888,0.0603964,-0.005607891,-0.037268641,0.055919752,0.123074942,1.055402667,3.583056228,1.405242019,3.257364839,4.071941011,3.271941409,8.948030926,1.023233689,-0.307555454,0.679788747,2.115329695,-3.895298454,2.473266092,0.106935112,2.450299992,-2.945727567,2.63364602,-3.297085107,0.170504926,2.881345443,0.450085406,-0.612797187,-3.470011125,1.812988464,5.829066193,3.406146836,-4.776372483,3.406301598,-3.949274556,3.140247949,-0.079603748,0.16290349,0.805559173,1.17951046,3.252116921,3.012965803,-2.607032627,0.827240827,1.947786156,4.399415843,-0.733529242,1.636413882,-1.723963137,2.033281567,-2.519952007,-2.631672978,-0.663539781,-1.342139921,-10.5170255,1.85858124,-22.41909763,2.646836131,1.283308207,4.530807532,-4.122040578,0.243416936,-14.13491425,-0.108983553,1.394663065,5.132053015,-3.847266318,-2.377225408,-0.089530311,-1.347386596
Brain_PTR,0.238421395,0.016735159,0,-0.014855013,-0.015314609,0.056845188,0.020348947,-0.010716293,-0.003274825,-0.042207264,0.122840643,0.036631373,0.024638236,-0.031827432,0.010044501,0.050107148,0.025003632,-0.033326008,0.026980182,-0.009059133,0.032499506,-0.033318277,0.046924778,0.035283748,0.013203143,0.07964183,0.143668872,0.003378617,-0.01684597,-4.308106013,-5.270530986,0.664677429,-0.536539241,2.84834033,-3.634028008,3.735446849,-1.00304734,-7.676154779,0.784046508,-5.244138953,2.2232667,-6.734097718,9.25557773,0.428960258,4.489930525,-8.478073293,-5.005152653,-1.341456728,2.564759656,0.431061538,-4.073012019,-1.359735164,-4.302343372,4.500002459,-1.298594228,5.666214145,8.601304532,-4.703494141,-4.524694851,-4.643184724,-1.908256722,0.630073137,3.465902696,-0.002221744,4.285486898,4.025964041,2.800598223,-0.772267794,1.500412504,1.466020196,-2.748852061,1.403090033,-9.175912812,4.273635736,-3.186244238,-0.258473201,-1.146708962,18.36662809,-0.97341878,4.278011204,-0.239464963,-4.53179758,2.492581562,19.47745084,-2.45771178,0.023912888,-1.455490493,-8.783924694,-7.408902148,9.807968704,-0.218656486,-5.795507893,0.708871149
Colon_PTR,0.005375011,0.05428507,-0.008481111,0,0.1065872,0.009484219,0.051241279,0.056708879,0.022105604,0.037668977,-0.033194885,0.045456943,0.006003643,0.021869607,0.021348384,-0.004593325,-0.00142501,-0.002729384,-0.017943319,0.267547373,0.007560759,0.111328362,0.022951845,0.007540092,0.128920406,-0.008819518,0.02393004,0.063551792,0.010394405,3.612356515,1.319429693,-0.110082658,-0.998535842,0.453307734,1.542228559,-1.211292273,1.714479007,1.060718239,0.26834878,3.327238029,4.978564712,1.237550549,2.065996517,-2.174564934,0.58941368,2.943528396,3.302690061,-1.028397501,0.264763367,0.354736284,0.711119641,-1.344011609,0.504843598,5.204216981,3.637810334,-0.255686497,-0.572452272,-0.002081388,2.677790521,0.222998052,-0.667956524,-0.866730495,2.340891486,0.298610104,-1.188254274,0.888069523,-1.643385673,3.635755191,-0.566459888,0.725646717,-2.417562195,3.653077033,2.824982544,-1.179269903,-1.059243818,-0.367335699,-0.16825608,-6.928309108,0.543039692,-17.46057008,-3.52506615,-0.064815278,1.726071338,-0.921278145,2.169173859,-11.83170149,-1.572735174,-1.829247045,1.992710517,3.232923618,-1.067920185,-0.789646851,-2.212231838
Duodenum_PTR,-0.006034895,0.002923181,-0.007624254,0.092943032,0,0.027691857,0.035207347,-0.019524239,-0.002260317,0.047038216,0.019245408,-0.006910653,0.035322437,0.023307966,0.02197781,0.003262791,-0.000220516,0.00279596,0.053288072,0.08932853,0.007412834,0.432188884,-0.010481657,0.00828074,0.111161647,0.028830039,-0.038040908,0.004388008,0.006623754,-1.147057479,-0.732257491,-1.101398636,0.177941794,-2.675518662,-0.069434859,0.137615143,1.60908335,0.564913141,-0.928807785,-3.053145623,0.505014339,-3.350553862,-2.13448605,0.575282766,-1.222979561,-1.429852224,-3.146692749,-0.580542177,-2.530729972,0.802036707,1.630210484,-3.148520901,-2.847267886,-1.037077385,0.499325322,1.187086808,-1.137935795,3.151519964,-0.096553389,0.057470182,0.592788236,0.568758267,2.442893676,-1.708766639,-1.561372901,0.548312649,0.476825798,0.675565729,0.800060134,-2.870577115,-2.711395992,0.174954353,-0.971716018,-1.294317205,0.38679912,4.113460201,3.063771987,5.008845752,-0.51578159,-2.183927135,0.712981506,-2.850168424,-0.738093018,-0.461665907,0.044232992,10.69514729,-2.473005032,2.296315353,-0.752583418,6.520245998,-0.235756819,1.271612359,2.4088683
Endometrium_PTR,0.041306201,0.006791772,0.030636207,0.008952888,0.029977947,0,0.097688207,0.124990965,-0.013999161,0.033705676,0.045304822,0.012148117,-0.02893789,0.069553282,0.026617961,0.092743227,0.002784141,0.026662194,0.073755248,0.053755888,-0.018290717,-0.009238452,0.207114592,-0.005128487,0.005009409,0.062963762,0.038650819,-0.033271534,0.037879585,0.104933373,-0.456641565,1.559958168,-0.408786527,1.572418392,1.209523108,2.651915038,0.880910508,-0.249650292,-1.942584283,0.053509722,4.057039462,-2.958068032,-0.459850576,-1.042547786,1.243329132,1.214042569,3.433701792,1.579928967,0.415394013,0.744864997,1.761290103,4.60581958,-1.101152912,5.281686438,0.696685602,1.016135223,2.537654767,-0.560729673,-1.142983178,0.035060114,-2.250424773,2.723755076,-1.545075597,-0.271684009,0.099489773,-1.48768533,-0.404578293,0.595533358,0.584414506,-1.896672911,0.180307498,1.799173171,-2.149586436,3.230246877,4.415361002,0.873942409,-3.190010011,-14.45346505,-1.022754351,-3.607641474,-2.034240529,2.96277065,0.052258172,0.897811399,0.93814056,-16.13137501,2.518697755,-3.375203794,2.132954484,5.82925958,-2.041218173,-1.50585315,1.200546379
Esophagus_PTR,-0.009839129,0.031173034,0.012243203,0.053999952,0.042549545,0.109057103,0,0.0140467,0.045245107,0.079788866,0.059030628,0.020422866,-0.014534168,0.014060485,-0.011891888,0.037610422,-0.014197676,0.026133054,0.036329955,0.061015085,0.036870139,-0.027401769,0.099211769,0.005610821,0.011502058,0.015549499,0.02130855,0.074567406,0.16967945,-0.300407953,0.044366416,0.936748819,1.878051845,-0.027863186,2.277413388,0.365851524,-0.799249846,2.165477503,0.001229629,-4.463167072,-1.34463457,-0.989220745,-0.091909647,-1.040034485,2.66219575,2.616343721,1.763552814,1.937001457,-3.177090689,0.258380364,1.150826813,-2.172982687,-0.410378005,1.157703512,-2.101506484,-1.404476925,0.6643719,0.410176386,-1.060857559,0.860454946,-1.412273302,0.700621431,2.336765795,1.78862394,1.825188961,-1.259672255,-0.81833566,-0.63134414,0.748245066,4.936646829,2.240757744,-0.280576541,-0.939009892,-5.456356763,1.576121996,-1.12725048,-0.124320865,10.18706221,-0.768336827,-0.472411572,-0.208414178,3.466642164,-0.445879483,-2.159462537,0.18660521,-3.098135376,1.213143788,-5.968493419,-0.362908267,-5.919483974,-0.97390143,-1.535356779,0.989131665
Fallopiantube_PTR,0.011806805,-0.032440623,-0.007629211,0.070714166,-0.027920146,0.165109627,0.016620965,0,-0.019642076,0.015162512,0.001777299,0.064780742,0.001434027,0.150455235,0.028364109,0.055653599,0.033776237,0.01246,0.038208531,-0.029350241,0.068886484,-0.002008626,0.067396736,0.004633423,0.056022049,0.067890733,0.093573,0.029589862,-0.025134995,2.327532776,0.452616982,1.681475941,-2.791708071,2.623503491,-1.027891524,2.434122202,-0.375730504,3.369050264,-1.181082069,5.234535284,-2.288579725,0.741168507,-1.473254668,-0.745530265,-2.838501629,1.753321972,2.924699252,0.686242297,2.999075936,-2.609521637,0.9387091,1.810598601,2.976608789,-1.562423473,3.872291948,5.610525694,-4.218465759,5.289504056,-0.009670861,-1.530537965,2.305878829,-0.08420453,-4.156963913,2.647654748,-0.506379237,2.081814432,-0.871242734,-1.88483863,-0.825436715,-4.898386252,-2.332951135,1.32603042,-0.540746755,-1.453996721,-4.571469351,0.572564945,-0.970963246,-12.70942756,-0.687857696,-6.614306427,0.562490159,6.584063109,-2.418739842,3.781401992,-3.171469464,7.737055311,-2.640018174,-1.192426576,-4.381285324,3.876012507,-0.731937077,0.394993042,0.70240292
Fat_PTR,0.062048539,0.167196854,-0.002295115,0.027135584,-0.003181958,-0.018204436,0.052702959,-0.019336097,0,0.065436441,0.073401847,0.010550751,0.094441385,0.051687127,0.074069093,0.073629098,0.045226638,0.070488231,0.037919361,-0.011398848,0.013564884,-0.056653349,0.050792064,0.091950132,-0.015049893,0.027049806,0.008114225,-0.028105388,0.070149194,-5.461418718,1.129722605,-0.903957463,-1.719549197,-0.649524502,0.717763497,-3.174038016,2.830127007,2.19956687,-1.321282474,0.346155223,0.722016039,0.624978499,1.089868002,0.01285622,2.918664613,1.162843417,-0.949607494,-1.140422155,-4.085264268,-1.564431888,1.242297899,-0.589095998,-4.966569368,-9.387937849,-4.696144506,-3.329876192,-2.803410563,-3.501453397,0.957896464,0.190040988,3.866427028,0.398022967,-0.266336702,-0.446647207,2.274105742,0.835767772,1.755012888,-1.11586933,-2.028222487,5.622708963,-1.223950709,2.619513941,-3.746717287,-2.691889483,2.383286456,1.580618434,-1.0352632,9.372012649,0.624896117,16.14056487,0.32831919,-4.112902368,-0.243520806,0.42902129,-0.12890516,1.977718164,0.517709309,3.831320548,-1.718143276,-3.293659957,-0.059506001,1.460162548,0.1935318
Gallbladder_PTR,0.006442975,0.013499901,-0.026699102,0.041736265,0.059768012,0.03956136,0.083887769,0.013472418,0.059062611,0,0.026249688,0.030435068,0.027003875,0.046939219,-0.018854702,0.052939281,0.069153322,0.023197183,0.045500281,0.108768662,-0.000547923,0.004959053,0.031571699,0.030215319,0.081606973,0.020201858,-0.038500074,-0.034148913,0.190583119,1.104446813,-2.511873404,-1.126307092,5.656191825,0.571342642,3.623796992,4.769819258,0.048088056,1.947998528,2.244561546,1.119055403,-1.154178674,4.902620943,1.09557871,-1.120809626,-0.26869696,2.846036813,2.142350333,-0.270770645,0.029093686,-0.443484883,1.02222548,0.072751865,2.27895663,0.315361691,0.394117815,-2.376899734,0.224091529,7.336211978,0.641346547,0.955735692,-2.842421196,-0.42272955,2.705895351,2.094635337,1.173628144,-1.323840377,0.729879111,-2.334519384,0.113738342,0.706950276,1.805638227,-0.075065682,-0.579335675,-0.509468752,5.918280478,3.513344439,4.900155007,-17.09057802,-2.424984021,-24.3047752,1.201935815,0.920178365,1.175715928,-0.886912915,-2.539917684,-10.65251238,1.224410818,4.467614664,-1.795177417,-0.498421908,1.142479898,-1.738578492,0.15599869
Heart_PTR,0.073315291,-0.017422831,0.09930187,-0.04700097,0.031250069,0.067954544,0.079312137,0.002018091,0.084665379,0.033545174,0,0.043595335,0.030197523,-0.004668298,0.024662851,0.062882057,0.048011258,0.043118399,0.027970078,0.038397936,0.057578239,-0.021888272,0.094228542,0.031295609,-0.007256444,0.078722455,0.076356313,-0.047702343,0.017650576,-2.220632472,0.420039989,-1.406091276,-0.456878443,2.645584449,-0.128258602,-4.124531506,-1.626103515,1.016784801,-1.877769095,4.16408868,-3.306596813,3.195243625,0.839826176,1.706094177,-4.311884704,-6.959979517,0.054088919,-1.073305411,2.723183853,-0.938703076,-0.559047062,-1.567077982,3.819458764,0.127433561,1.051328265,-1.754070342,10.36505805,1.832395766,-2.040166437,0.499400438,-2.61874885,1.249475603,-1.45194728,-0.543554021,-2.273791111,1.027794815,0.19889296,1.926230713,1.057810076,-0.714582232,0.342343381,-3.137325938,1.094443612,3.167732985,0.045596688,0.615503221,0.446928666,8.887161008,0.763593301,-8.125636672,-0.223947877,0.801640191,-2.227748673,-4.61539193,-5.887017623,11.49040798,0.618938729,0.609393576,-2.038912091,2.971159432,-2.848249456,0.485977183,-1.203083632
Kidney_PTR,0.002988977,-0.008884493,0.030393461,0.066061356,-0.011517403,0.018702284,0.028163754,0.075498412,0.012490904,0.039920115,0.044745733,0,0.189364181,-0.026910282,-0.010501802,-0.016666766,0.076609278,-0.000656465,0.045179233,0.068336334,0.036448785,0.039838037,0.058112532,0.01382774,0.044738572,0.018040752,0.153157449,-0.028245534,0.010110394,-0.653670041,1.148971224,1.451856556,0.707079169,0.000982794,-0.678220281,-4.786837494,-1.035684685,3.638067974,-4.113211493,-1.947480581,-3.243157839,-2.55481856,2.159967079,0.070873757,2.865317486,-2.95011819,-2.470967131,0.354205226,0.056463794,-0.62054012,-0.194544154,0.359697421,-1.773197094,-4.169966675,-4.261095351,-2.232383308,1.312655034,-3.599625493,0.740306493,-1.655319623,1.816003277,1.259758115,-4.112033944,-1.330636967,-1.094532971,1.395211552,1.065322195,-2.516612785,3.881228682,3.848707996,1.661575281,0.751084771,-2.73292508,-2.916611217,1.483623709,5.670659215,-1.767529063,6.777805116,0.177495067,14.5989482,0.32193844,-4.338510184,4.255878789,-0.969713817,-0.087317442,1.170808295,0.621621222,0.157477007,-3.342776861,-3.390748223,4.70054733,-0.174747623,1.233396027
Liver_PTR,0.045513311,-0.029224058,0.0208059,0.008879981,0.059915071,-0.045342189,-0.020399239,0.00170098,0.113794892,0.036049026,0.03154517,0.192729314,0,-0.017018841,0.027292271,0.051811388,0.037670957,0.023866473,-0.008818859,-0.046365977,0.077956916,0.154752226,0.026750003,0.051232536,-0.04855167,0.016218151,0.08740955,0.090023243,-0.020148341,2.087302694,-4.915845268,1.169007568,-4.163237163,1.933966777,-1.102220116,2.238348669,-5.650817984,-4.05183616,-1.467123356,2.468266964,1.631024909,2.313467806,-3.965382122,2.436282201,-2.582818344,-4.238160027,0.799413786,-1.386452087,1.77942743,-2.258480058,-2.5784142,-3.060144467,0.237662847,-3.528162669,-2.612563714,1.185317283,-4.093278954,4.904752504,-0.284391537,2.674703418,1.671179258,-1.204559414,-1.421180547,-0.510607976,-2.727224489,0.149569148,-0.316816919,-2.52141008,0.619933452,-3.164625404,0.135063391,-0.231794669,4.280725983,4.932012937,-2.612705565,0.309822294,5.930252385,-2.085573446,-0.838080855,3.881206753,-0.052419076,3.377449646,-5.091503569,-0.663199554,-3.410722455,19.19925803,-0.95494724,2.158617567,2.963000185,-4.634082628,1.477423118,0.538483386,4.897839729
Lung_PTR,0.049460187,0.038770059,-0.018486234,0.022248878,0.027193164,0.074958896,0.013573568,0.122749316,0.042836378,0.0430996,-0.003354208,-0.018838145,-0.011705768,0,0.031624282,0.025220647,-0.009792118,0.090254928,0.005831135,-0.037597026,0.029828281,0.081929944,-0.0299345,0.058898518,0.037883275,-0.00477875,0.068261669,0.094293315,0.100415325,2.383604142,-2.079049587,0.482192188,-3.160173659,-1.37161157,-2.323883963,-6.082492064,2.419902937,1.339166443,3.151167327,5.378586419,1.283989417,0.300003131,-1.516143267,-1.638059464,-4.677574002,-5.186890256,4.015039281,1.797170532,7.795078814,-0.193286301,-0.811834301,-0.380499922,-0.021523742,4.785877939,-0.565561933,6.473717671,-2.322482678,0.480392767,-0.866692529,-0.693615622,0.370865429,-0.63001588,-2.111096595,-2.307439316,-1.071154786,-0.719481127,0.449433285,0.819799674,-1.642262742,-1.644993958,-2.3366887,-2.700231745,-0.891310843,5.842713812,-5.551299332,-0.937830357,2.233551019,0.493464381,1.220570357,10.04202542,-1.838532752,-2.474705429,-4.475797135,6.363521402,-1.267570951,-9.380174367,2.895950898,-1.739165182,2.237081985,-0.827191284,-0.004948421,3.313648414,0.074750674
Lymphnode_PTR,0.060032292,0.118568185,0.006286787,0.023403762,0.027630789,0.03091248,-0.012370808,0.024936439,0.066148637,-0.018655658,0.019095379,-0.007922044,0.020228474,0.034078007,0,0.085855049,-0.027907296,0.004627412,-0.037491675,-0.012142756,0.043359428,0.021097883,0.032136153,0.198546273,0.028925204,0.032262482,0.031010772,0.229252325,0.012878736,-1.025559409,2.507911612,-2.737770564,-0.733724719,1.445521363,-0.425324958,-5.249228148,0.980287342,-0.679400376,-1.267256,-1.149337729,-0.147606355,-4.029025341,0.051332055,0.907574271,-0.524506393,-0.737424813,-0.393466924,0.615966497,-1.816783784,-1.252339067,0.061090316,2.873353097,0.951282224,-2.684830285,-1.93902795,-2.610600949,0.395220572,0.687378941,-3.314067611,-1.117792638,-2.023406995,-0.298219252,-2.283195932,0.450435221,-0.391426639,0.531834725,-3.770302504,1.023168508,-2.767774994,-3.080697221,-1.67012261,-0.493498753,-1.771319162,2.732823222,0.816870211,-2.410433942,-0.704836908,13.53771808,0.051152439,18.68796012,-3.892400675,-1.132173104,0.05919845,1.336741922,2.145544932,12.5676145,-0.293949814,0.041553235,0.743157489,-1.519152557,1.593746506,-1.56703152,-3.891421253
Ovary_PTR,0.069389882,0.005889804,0.036037055,-0.005786249,0.004713542,0.123762916,0.044957766,0.056222197,0.075558375,0.060189149,0.055944965,-0.014446877,0.044126343,0.031229066,0.098654091,0,0.048361394,0.040554998,0.055032019,0.049696506,0.023337383,-0.007360892,0.036024067,0.027023175,-0.03048759,0.089419432,0.009533298,-0.004315292,-0.004082961,1.779523484,1.622341436,2.781183596,4.026549729,-1.068731371,1.631702623,1.074952289,1.593846666,-1.541958689,4.734796067,-1.354706382,0.148868633,2.424347803,2.095124014,1.309910558,4.061551881,2.484879894,1.992709692,2.267235917,-0.376966183,3.870017523,-0.852257294,4.978553474,5.65609689,3.184304698,2.879947551,1.836177512,-6.358180873,6.062058874,1.735259539,1.864699509,1.709623275,4.117203554,2.090517423,3.792836177,3.06913112,-1.651542458,0.958888976,1.848602657,1.612079889,4.451072277,5.395944272,1.312867984,5.305143444,1.151756788,2.292620017,2.544131446,1.301901585,-35.56690713,-3.481630278,-27.55916927,0.656037781,0.844339019,0.028877718,-5.154256312,5.831903996,-42.15809837,3.28716526,3.630410858,2.892428322,1.389063412,-1.573219487,1.810143523,-2.723706526
Pancreas_PTR,0.063983869,0.051666054,0.021910892,-0.002187233,-0.000388155,0.004526963,-0.020678599,0.041575086,0.056550282,0.095798906,0.05204568,0.080911707,0.039091893,-0.014773614,-0.039072783,0.05892589,0,0.01741769,0.044529851,0.038531874,0.132710222,0.053250678,-0.018600133,0.005388906,0.09455089,0.030529908,0.065091694,-0.025699389,0.022856758,5.437121117,-0.180433522,2.876572466,-2.012892114,-0.61009626,-0.032455726,2.408149446,1.873938741,-0.317609839,0.652666443,1.79038309,-1.85826931,-3.488644357,5.114920595,3.523402313,2.508300851,2.997239057,-6.06213888,2.219507593,-0.36541469,2.241761921,4.028747834,-0.818734682,-0.154500228,4.161701189,5.640110203,2.96798978,3.287900739,-2.308370229,0.854636297,1.288150822,-1.614129392,1.970544363,2.729921929,2.950361086,4.332203832,5.031731205,-0.24725174,0.778343345,5.788868155,1.605476492,4.112467178,4.094593467,1.755240952,5.484303872,1.096461595,0.188543153,2.245300083,-34.63349468,1.297188325,-34.29697166,7.04463363,-3.810748724,1.458517608,4.270104388,4.339733837,-43.97962803,3.987449574,2.005921107,-2.638785688,4.627155199,2.074099557,2.992927784,5.295277536
Placenta_PTR,0.032385968,0.026415658,-0.024486462,-0.003512592,0.004126503,0.036349409,0.031913895,0.012859549,0.073899735,0.026944402,0.039191332,-0.000581336,0.02076606,0.114173901,0.005432261,0.041432154,0.014604152,0,0.031971422,-0.003504222,0.068968323,0.043026759,0.041453594,0.10205405,-0.008328085,0.05181409,0.047315946,0.051816081,0.095870663,-2.09767496,2.653573406,-2.990754297,-1.069359986,2.677519264,-4.10192435,7.616595504,-2.335413128,-7.323087953,3.548075582,-2.879511545,0.953314957,-2.631315422,-0.202233897,-1.466315524,-1.177177252,0.671915337,-2.647607582,-3.079791272,0.036012976,-3.384589246,-1.634616403,-3.191070236,-1.480834865,0.007739556,-2.078536826,-3.446051868,9.450806811,-0.020123396,4.400879461,-0.320827475,0.74339881,-2.872920976,0.492941813,-1.715862275,0.951442835,-5.971958707,0.544889589,-2.21930652,0.785134032,-0.499764197,-0.194455493,-0.724564996,-3.10692392,3.573446915,-0.908717589,-2.150420513,1.291725468,8.263544945,-2.722636207,16.78471684,1.215079478,0.769850936,1.138355516,0.99328473,1.573050466,6.697707627,0.042522924,-2.187210918,-0.385766389,1.985544322,-1.787880074,-3.796798346,0.940934502
Prostate_PTR,0.074905523,0.000585081,0.018046569,-0.021021943,0.071595923,0.091538,0.040388854,0.035898396,0.036190476,0.04811211,0.02314345,0.036421822,-0.006985303,0.006715155,-0.040066764,0.051181806,0.033989444,0.029105092,0,0.049833499,0.137626056,-0.018728186,0.093170384,-0.001440626,0.068768849,0.047159449,0.026777185,-0.002440578,0.069818924,0.61461964,3.709660661,-0.824627562,0.519261283,3.241016137,0.375435786,-1.481457934,2.989398473,0.304282131,-0.464224566,1.999075809,2.020189951,-2.41831002,0.252748527,2.249031539,2.48576549,5.099960311,0.454574504,1.957000681,4.853681364,1.491623865,1.143927193,2.13892546,-0.221944212,3.585037657,-2.644695282,-1.977852169,5.842414519,2.814901945,2.847190897,2.330118431,-2.41994549,-0.816088768,4.388250863,1.094390398,1.595210237,2.380810709,1.620266864,5.574762502,-0.621122984,2.587821748,2.155248502,-2.191997448,2.349935358,3.145304004,-0.700334588,1.233885401,-2.259194489,-25.46582079,4.143936282,-31.76769501,5.654183969,-2.314528893,-0.191896042,5.401843055,0.576235346,-27.45692365,2.651638518,-0.056616469,0.778172844,5.039488008,-2.040007586,2.926782534,-2.282725446
Rectum_PTR,-0.001877378,0.053987356,-0.00528195,0.273230186,0.104617994,0.05815572,0.059127811,-0.024037223,-0.00948314,0.100254071,0.027694926,0.048021133,-0.032013282,-0.037741081,-0.011311615,0.040288762,0.025637216,-0.002780715,0.043438947,0,0.034523054,0.023480431,0.089756487,-0.009242827,0.084483496,0.014567006,0.017712461,0.01458569,0.014153791,-2.918649618,-0.048388431,2.051855823,0.53776963,6.102002085,0.809608507,-3.294394929,1.212430201,-0.93426444,1.93231044,-2.559708944,-4.325137891,0.869479183,0.458785885,0.933729809,3.240633118,-2.444886989,-4.203759692,-0.527371586,-2.425371147,1.374975177,0.085910283,2.436627746,-1.5473536,-0.745476252,-0.212906651,-0.842039541,-2.84146536,2.876046078,0.369286234,-1.055176772,4.705975279,1.602095181,-0.863775228,-0.267240139,0.598958569,-0.850851063,-1.519353742,-2.166879503,0.846070672,-0.192507371,0.75774284,1.432659396,-2.291329512,-2.426818818,2.410714724,-0.484810921,-0.848441983,9.514050296,1.741820173,-5.250851124,-0.752359472,-2.435247666,0.680646453,6.007446183,0.272035157,0.327968017,-0.503376687,2.122315141,-2.92933577,-5.034671352,0.843707392,1.635826196,-1.047279673
Salivarygland_PTR,0.056073121,-0.002910807,0.02237572,0.009117714,0.010251633,-0.023366287,0.042191205,0.06661917,0.013326002,-0.000596363,0.049039189,0.030245193,0.06355914,0.035357508,0.047696163,0.02234101,0.104267192,0.064625985,0.141661276,0.040766345,0,0.055944095,-0.020791806,0.027642482,0.061586738,-0.034726968,0.067061433,0.04580581,0.014959687,0.364808997,-1.816801868,-2.14339046,-2.539364541,-3.452978014,-2.152642012,-6.787128523,-5.30471107,-1.03693113,-2.412794939,-0.105568357,-2.281525746,0.19605922,-2.237929849,1.002881869,-1.335050382,-8.525491789,-0.801250542,-0.585457359,-1.119627254,0.744847752,-4.7599334,-0.714654035,-0.908805112,0.035430034,-2.506813054,-0.11315299,-6.434496471,-1.786812399,-0.411096775,-1.101705019,-1.611903796,-4.842577317,-2.835397587,-3.221028194,-0.609238424,-0.404119132,2.516895019,-0.895267734,-0.575696984,-2.27023456,-0.753465321,-0.615445052,2.793164355,-2.422104928,0.099654203,-1.592038892,6.493078737,38.86572128,1.868039319,22.00164519,-2.907187401,-1.222502672,-0.386047117,-3.819640168,-0.932730806,23.73929687,-5.476450073,-1.658833843,-0.541173763,0.458996017,2.416071954,-1.853330724,1.225936764
Smallintestine_PTR,-0.000578748,0.04662419,-0.017215968,0.100756954,0.448570819,-0.008857412,-0.023532843,-0.00145785,-0.041769378,0.004050776,-0.01399088,0.024809606,0.094691045,0.072886103,0.017417564,-0.005288466,0.031399092,0.030258319,-0.014467545,0.020808812,0.041985845,0,0.004975829,0.022681319,0.114771969,-0.006291231,0.004434613,0.013301441,-0.005950104,-0.206993435,-0.643334359,0.166988944,-0.988447348,0.389035325,-2.147661658,0.903832377,-1.249593069,-2.409485519,-1.8704447,0.513512507,1.433046458,-1.465170797,-0.83732943,-1.090330268,-0.065593363,1.898745,-0.998451446,-0.518377203,0.149385329,-2.456135339,1.377836428,3.385208506,0.507832276,2.426806083,0.281058571,2.518399409,7.256436166,-5.656066027,-0.389300012,0.033963293,-1.338340469,0.196082104,-0.349907078,0.194718026,1.464913941,0.390939462,0.152573001,-3.065667004,-2.780832714,2.143101542,1.20602227,-1.248480354,-2.481801117,1.449501164,0.651838149,-1.593964904,-2.021539926,0.1335124,-1.102513348,12.20194543,-2.038440631,1.85726814,-1.682854277,-2.779109841,-0.370399868,3.152414443,0.851241403,-0.036038841,-1.060832283,-2.718076657,-2.331336665,0.343094443,2.361597359
Smoothmuscle_PTR,0.055852255,0.014067026,0.026885419,0.023033106,-0.012062937,0.220183113,0.094476692,0.05423984,0.041523502,0.028595855,0.066785428,0.040128917,0.018149369,-0.02952839,0.02941766,0.028698403,-0.012161123,0.032324665,0.079807316,0.088200847,-0.017302408,0.005517357,0,0.016628093,0.047705058,0.010884913,0.011190341,0.015655651,0.056231074,0.568222826,0.936157583,-0.923868344,0.501678391,-2.611351613,-2.782014099,2.774508504,0.553628507,0.908162422,2.423889797,-1.826115483,-1.995394062,1.489961825,-0.452661004,0.238341789,-0.605674224,2.422732782,1.324961127,-0.173190336,-1.362132193,-0.239135673,-0.411419149,-0.654356223,0.014655309,0.721247972,1.337093751,4.94157326,-1.287072195,1.310582069,-3.56669652,-2.091701496,-7.42234348,-0.899000691,1.730288022,-1.858906934,-0.24614752,2.22406661,-0.359895307,-4.138604454,-1.530010367,0.682704992,-0.303673442,-0.469456731,0.802561967,-3.895030826,-3.784139284,0.83817808,-0.30745099,-1.554763151,-1.576181269,15.78192139,-0.697638731,-2.437413039,-1.055049713,1.704971807,-0.448607146,14.97211174,-3.007392424,-2.098600143,3.032970626,-2.50234499,1.121193501,-1.28539862,-2.497534789
Spleen_PTR,0.059938568,0.15321342,0.023545767,0.00881323,0.011099817,-0.006350181,0.006223167,0.004343152,0.0875536,0.031875416,0.025834865,0.011121475,0.040486206,0.067669921,0.211689597,0.025074073,0.004103758,0.092688452,-0.001437274,-0.010578772,0.026792603,0.029292574,0.019367162,0,-0.003934503,-0.016509552,0.026073688,0.046984433,0.053397425,-1.135600256,-1.083557782,-0.558392177,-0.525647747,0.799416677,-1.386035572,4.886864478,0.280080606,3.747906736,-1.589730073,-4.681738174,-1.304383426,3.582982051,0.789058445,-0.791223262,1.889408144,1.236151393,0.69568787,1.163460175,0.725289453,-0.829065397,0.78681853,1.585682602,0.424506909,-1.658144606,0.760607429,-1.187575509,0.138284015,-5.999701356,1.949969017,1.996348947,-0.810972422,2.869643545,0.631925468,-0.847815573,-0.420261724,0.179624806,0.616943229,1.637748273,2.766783562,1.806731526,-0.370864499,-0.833010442,-0.924617883,-3.227016206,-3.668803513,0.062451508,-0.191595833,0.349320607,-0.635835094,2.145037664,-0.405418256,-1.039081366,-0.357494272,-3.18989169,1.584009051,0.413771844,1.676126614,-1.289897118,0.719496006,-5.15827492,1.074074412,0.067237397,0.06219716
Stomach_PTR,0.068928211,0.050399552,0.007540137,0.128956696,0.127516218,0.005308199,0.01091753,0.044939255,-0.012263625,0.073674933,-0.005126376,0.030793361,-0.032834409,0.03724797,0.026392346,-0.02420892,0.061618426,-0.006472981,0.058714304,0.082749642,0.051084468,0.126849529,0.047550136,-0.003367082,0,0.012778077,0.019726576,0.006352449,0.01020685,-0.095381124,0.274328157,-2.006394633,3.095538215,-2.856300681,-1.136002965,-2.896177721,-0.922248738,0.281534638,1.479116558,1.617163417,-4.090757033,-0.051337841,-1.750974734,-1.790929638,-1.920244406,-3.743690101,1.688017492,-1.632972009,-1.795018908,-0.027842317,-2.221792124,-2.792767555,0.879255715,-5.630189904,-3.324197498,-2.335245204,-6.867774137,7.149394543,-1.917751211,-0.042216169,-1.753269718,-0.739961765,-0.568566678,1.318717859,-1.764266366,0.217261055,1.116669857,-0.583437857,-1.120234789,0.094520972,0.269886694,-2.49866226,-1.077760789,0.253328269,0.798434829,-3.670591601,1.373388475,1.927284315,-0.588405497,29.25849541,-0.819556683,2.238133506,-1.173275391,0.598429221,-2.838197456,18.4853718,1.759355754,0.149297077,2.724680589,-6.824879351,-0.165564106,0.970837916,-1.983605377
Testis_PTR,0.056547741,-0.007100936,0.069015007,-0.013386512,0.050182934,0.101239897,0.02239575,0.08263761,0.033446447,0.02767478,0.08438895,0.018842129,0.016642813,-0.007129676,0.044668331,0.107741892,0.030190538,0.061109317,0.061097193,0.02165035,-0.043708803,-0.010550889,0.016463141,-0.02143875,0.019389467,0,0.019927098,0.016414648,-0.026852736,-2.572547278,1.979529523,2.35899589,2.213172531,-8.205904534,0.7673604,1.674212569,-0.456646431,-0.781778369,-4.001915901,-0.778212271,-1.546964693,1.831339471,2.009539717,4.500883305,2.117116407,2.350188276,-2.576096841,1.576369815,-1.285652941,2.839372621,0.373985156,0.208819858,1.123548761,-0.692970362,2.438279634,-0.827826757,4.827811215,-0.74578357,-1.370965915,0.516891901,6.948331343,3.940686813,4.300036718,3.331133893,5.937224442,2.408374862,0.324056058,2.49142163,1.378923273,-1.359878016,3.730832779,-4.938202905,8.178001854,1.438830864,0.906855011,1.745004725,4.13293314,-17.87946137,0.985140553,-15.55031177,-4.394618624,-0.731845529,-0.441676733,-1.859123532,0.773990397,-20.08679381,-4.328118446,-0.215922233,-1.564443498,5.046894934,-0.78504294,8.315667149,-2.043052219
Thyroid_PTR,0.02353045,-0.041721001,0.110067766,0.032111545,-0.058540559,0.054943319,0.027133028,0.100696173,0.00887009,-0.0466283,0.072364751,0.141419285,0.079301145,0.090038352,0.037958557,0.01015526,0.056907052,0.049335809,0.030669918,0.023273875,0.074622542,0.006575129,0.014963259,0.029933796,0.026463499,0.017617295,0,0.089529275,-0.02197505,-0.830688459,-0.936022061,0.888681852,-0.969747826,-3.581679164,-1.466114542,1.849268686,-3.673074966,-1.34341234,-0.424494193,-1.339852411,4.373781515,-0.590605287,-2.509310815,0.039620962,4.091186619,-2.50656942,-0.049038951,0.206528335,3.212240389,-2.398379775,1.562191648,-1.403854008,1.097839475,7.522257113,-0.196770534,0.370242549,-1.268261387,-3.110204334,0.025972334,-1.643866004,1.785982085,-1.13624985,1.455179081,-3.18568788,-1.644499945,-0.032534894,-2.080020364,5.247605956,-2.047197611,-1.809621823,-3.746080462,-1.502370307,4.276059756,-1.301365853,2.296085928,1.558040363,-1.703025633,3.798881336,-0.984781469,0.701419503,1.36884827,-1.863559449,-2.013150937,-0.403411793,4.354958216,3.63383039,-0.831195966,-0.221696353,2.148145227,-4.294830488,-0.192274088,2.450287296,0.920366754
Tonsil_PTR,-0.049960899,0.060122277,0.002485968,0.081903903,0.006485335,-0.045424279,0.091191094,0.030581894,-0.029507308,-0.039721344,-0.043419104,-0.025048362,0.078439397,0.119451213,0.269506901,-0.004414862,-0.021578554,0.05188936,-0.002684722,0.018406693,0.048952717,0.018941147,0.020105415,0.05180508,0.008184568,0.013937528,0.085985277,0,0.117924982,0.653454761,-2.707865683,2.446771491,-3.312677175,-0.681139612,-1.082470569,3.174350813,-1.456451512,-0.404747447,0.54469073,-3.614259642,4.983613119,-1.74049598,-0.554796938,-0.265494737,-0.219490625,-2.206636993,-3.493872084,3.054351692,-1.511516913,4.495126045,-1.351399549,-2.994530508,-3.273935825,0.553739532,-5.210279322,0.249981429,2.432569348,-1.089326798,-2.571382657,-2.246989253,0.777981035,-3.102980103,-1.611972286,-0.606619373,0.792104393,-2.695567375,0.318798844,-3.991979989,-0.832831858,-3.487150483,1.412346436,-0.358987543,1.786971097,0.650679831,-0.044358833,-1.502561592,-1.598172018,24.34141294,-0.349876845,-6.459239409,-1.84895739,-5.132365033,1.572881134,0.61764178,-1.483030117,30.79278232,-7.953383851,-0.755927685,-4.293105335,4.292092033,-1.058686022,2.360178692,-1.147006527
Urinarybladder_PTR,0.000662046,0.10598711,-0.009928091,0.010729751,0.007841198,0.041422247,0.166205679,-0.020807192,0.058989664,0.17755982,0.012868065,0.007181428,-0.014061515,0.101887963,0.012126699,-0.003345764,0.015371895,0.076897585,0.061516709,0.014306547,0.012805365,-0.006786493,0.057840428,0.047157622,0.01053318,-0.01826232,-0.016904492,0.094453714,0,1.104264141,-0.25282447,2.27537788,2.041541435,-3.24105482,1.187279459,-4.096392852,-0.744847813,-2.134353919,-0.198040394,0.347143423,-1.986544676,0.694753862,0.926328219,-2.296316753,0.095576172,1.078335824,0.188264405,-0.076275026,0.823084276,0.295534898,-1.293612532,0.360359921,1.171914133,-2.706410825,1.243766827,2.597061808,-0.187679438,-1.011729139,-2.792017679,0.743006848,3.026717711,-0.159767641,1.245325339,-0.312784089,-0.492546211,1.98524091,0.3516675,-0.695403176,1.419711711,0.50106271,0.054750213,-0.362281281,1.992610057,0.438663073,-0.495441856,-0.586489218,-2.783614867,-5.328483569,2.654431007,2.868174231,2.800868878,3.263990418,-1.120349947,-2.228574904,-0.337199639,-6.466632584,2.084253767,0.523206373,-1.538877349,1.816225905,2.339731382,-1.499338146,0.885660098