,count,mean,std,min,25%,50%,75%,max
Urinarybladder_PTR,9260.0,3.369370399568034,2.425171949912824,0.0,0.0,4.4139,5.305200000000001,8.865
AAA,9260.0,0.025360621085079055,0.01851514467482083,0.0,0.010378828123878303,0.022316900898290346,0.03665987780040733,0.18181818181818185
AAC,9260.0,0.019224049365570185,0.00962037962422966,0.0,0.012658227848101266,0.01809954751131222,0.024390243902439032,0.08888888888888889
AAG,9260.0,0.0344718195446748,0.01735267155512929,0.0,0.02314517280776921,0.031875852295515913,0.042328042328042326,0.22564102564102576
AAU,9260.0,0.016742557408394206,0.011756007023249112,0.0,0.007352941176470587,0.014994646680942183,0.02444240833785648,0.08095238095238097
ACA,9260.0,0.014372168916445884,0.008688059382479888,0.0,0.008248558372320747,0.013404825737265416,0.019553072625698324,0.1061692969870875
ACC,9260.0,0.01797306489017386,0.009891513362058046,0.0,0.010989010989010988,0.016711301745064484,0.023529411764705882,0.10845045982994968
ACG,9260.0,0.006130048774692532,0.0053538602271665575,0.0,0.00228310502283105,0.005025125628140704,0.008860759493670886,0.04444444444444445
ACU,9260.0,0.012385511582992736,0.008145872446312884,0.0,0.0064481517375051915,0.01136780497565531,0.017258153218702398,0.08767245215843307
AGA,9260.0,0.011643408968929398,0.009656225522806497,0.0,0.00427122628615166,0.0099009900990099,0.01699355686541622,0.08196721311475412
AGC,9260.0,0.0189613679769583,0.010927980896650225,0.0,0.0111731843575419,0.017433633383528095,0.025,0.1076923076923077
AGG,9260.0,0.011347606654170945,0.007193275602073543,0.0,0.006557377049180328,0.010268258415859852,0.01497005988023952,0.07920792079207921
AGU,9260.0,0.011533131706364101,0.00777562140601355,0.0,0.005997005988023953,0.010479041916167664,0.01596867689682061,0.07017543859649122
AUA,9260.0,0.007193680270710337,0.006952664697451159,0.0,0.0015634162431587178,0.0055172413793103435,0.0111731843575419,0.0547945205479452
AUC,9260.0,0.020587701200814153,0.012160190605464432,0.0,0.011915964629264503,0.018365205473585028,0.026923796099188775,0.09433962264150944
AUG,9260.0,0.02263590768803604,0.009667190775299588,0.0012309207287050715,0.015941643949544886,0.021560630921039905,0.027777777777777783,0.08791208791208792
AUU,9260.0,0.01590252125061042,0.011210891140398567,0.0,0.006802721088435374,0.014278433085772533,0.0234375,0.07586206896551724
CAA,9260.0,0.011838328926970646,0.009464253596623699,0.0,0.004807692307692308,0.010042441305535377,0.01694915254237288,0.10583153347732176
CAC,9260.0,0.014433889913823642,0.009060352281741147,0.0,0.008108108108108109,0.013060462991166614,0.019305019305019305,0.08256880733944955
CAG,9260.0,0.034634317547328285,0.016084938034038213,0.0,0.023822150264331737,0.03260160988606087,0.04255319148936169,0.2252559726962455
CAU,9260.0,0.010280688525416484,0.00775164585501463,0.0,0.004784688995215311,0.009151822437594413,0.014492753623188406,0.08174904942965784
CCA,9260.0,0.016318751621744367,0.011064252556421938,0.0,0.009345794392523366,0.01487911297240953,0.02137767220902613,0.1780821917808219
CCC,9260.0,0.019422273288746048,0.014008329000640255,0.0,0.008913941767049509,0.01643835616438356,0.02680965147453084,0.12222222222222225
CCG,9260.0,0.0073957180644479495,0.008423092035154992,0.0,0.0017921146953405016,0.004972034238744168,0.010227999302487793,0.08222811671087538
CCU,9260.0,0.016572079519455912,0.010645264959984371,0.0,0.009506834154586282,0.015228426395939087,0.021557658447368625,0.1625
CGA,9260.0,0.0065484827665271955,0.00503350184162378,0.0,0.0031446540880503146,0.005780346820809247,0.009064422459809339,0.05300353356890458
CGC,9260.0,0.01118152363726068,0.01095121263874065,0.0,0.0034129692832764505,0.008064516129032258,0.015852047556142664,0.1052631578947368
CGG,9260.0,0.012492803210216608,0.009881916783155779,0.0,0.005043606345438554,0.010273972602739724,0.018074383765939978,0.08904109589041095
CGU,9260.0,0.004680069139418369,0.004396364553815227,0.0,0.001745772020875373,0.003912618609623485,0.006535947712418301,0.04979253112033195
CUA,9260.0,0.0069834855009890135,0.005392445268340989,0.0,0.0030373711747597376,0.006153655492447351,0.010051654922657981,0.045454545454545456
CUC,9260.0,0.0187317612077616,0.01068081414157845,0.0,0.011070110701107009,0.017441860465116282,0.02482563054811892,0.10810810810810813
CUG,9260.0,0.04030538857560665,0.02302829722780012,0.0,0.02249598501070664,0.03627530459506774,0.054892601431980916,0.1884057971014491
CUU,9260.0,0.012777279853334263,0.008813363839747151,0.0,0.006172839506172839,0.011450381679389313,0.01819407008086253,0.08284023668639055
GAA,9260.0,0.03060584041678087,0.020883246330924435,0.0,0.014132888817391595,0.02717918953144787,0.043122622183201634,0.1872791519434628
GAC,9260.0,0.02643249919912025,0.012394301311572068,0.0,0.017751479289940832,0.025,0.03366476830187741,0.10666666666666667
GAG,9260.0,0.04193749780530625,0.021783484826690288,0.0,0.02646055327113827,0.03827232998808147,0.05362776025236594,0.20388349514563103
GAU,9260.0,0.022867644757844592,0.013561803709999775,0.0,0.012711864406779662,0.02127659574468085,0.031249999999999986,0.1019108280254777
GCA,9260.0,0.01625955110282455,0.009181230699538495,0.0,0.009950248756218905,0.01540155879362928,0.021243414132707084,0.14598540145985406
GCC,9260.0,0.02882869169325725,0.017093922548862134,0.0,0.015597075685555113,0.026008144413014654,0.03954802259887005,0.13609467455621305
GCG,9260.0,0.00863289960108249,0.010334661367380045,0.0,0.0022182172358707402,0.005681818181818182,0.011299435028248588,0.1412429378531074
GCU,9260.0,0.018640691456560093,0.00987997194976654,0.0,0.012048192771084336,0.017521902377972465,0.02377049180327869,0.0923076923076924
GGA,9260.0,0.01656009349786477,0.011130512111124414,0.0,0.008880666961575691,0.014851485148514849,0.0223463687150838,0.12627169359664864
GGC,9260.0,0.02302490720911746,0.015437606684319856,0.0,0.011811023622047244,0.020134228187919462,0.031077088832842638,0.3258785942492004
GGG,9260.0,0.016337654985099717,0.009914063434306761,0.0,0.00915227126649513,0.01496765954995407,0.021739130434782608,0.08798646362098136
GGU,9260.0,0.010813367560281546,0.008074364705509547,0.0,0.00578348149912856,0.009615384615384616,0.014208938779879266,0.14212454212454176
GUA,9260.0,0.007201858838390306,0.006288601786125291,0.0,0.0024390243902439024,0.005882352941176471,0.010786077020736352,0.058252427184466014
GUC,9260.0,0.014089809575868438,0.007943397480920945,0.0,0.008565310492505356,0.013108614232209739,0.018567639257294433,0.06857142857142857
GUG,9260.0,0.028814413094234007,0.013913277706360326,0.0,0.018548378900493392,0.027077557974708302,0.037037037037037035,0.13008130081300814
GUU,9260.0,0.01100166757440372,0.008754626894171742,0.0,0.0041830073932223695,0.009433962264150943,0.01629327902240326,0.09876543209876544
UAA,9260.0,0.0008079426202373962,0.0018111661080583423,0.0,0.0,0.0,0.0009354536950420953,0.022222222222222227
UAC,9260.0,0.015474803778940512,0.009480090019506686,0.0,0.008761499479489548,0.013927576601671307,0.020532020950510366,0.07556675062972291
UAG,9260.0,0.0006392380619365159,0.0016219541555363357,0.0,0.0,0.0,0.0,0.017543859649122806
UAU,9260.0,0.012188313471750275,0.00884002600679068,0.0,0.005555555555555557,0.010759119205638731,0.017208413001912046,0.06741573033707865
UCA,9260.0,0.011101922637092481,0.007894541953108947,0.0,0.005552988293284043,0.00980392156862745,0.015421901343340403,0.07046476761619185
UCC,9260.0,0.016567324964266637,0.009363473072787567,0.0,0.010049103967325211,0.015302574437285344,0.02177948284846633,0.12140575079872205
UCG,9260.0,0.004627417540788607,0.004900116117663752,0.0,0.0009811137408839885,0.0034587122764098777,0.006622516556291391,0.05063291139240506
UCU,9260.0,0.013837511451794241,0.009027059439242832,0.0,0.007306545092999008,0.01273035962339867,0.018957345971563986,0.08209226298583333
UGA,9260.0,0.0013380993243897843,0.002078721301874223,0.0,0.0,0.0,0.002074688796680498,0.02127659574468085
UGC,9260.0,0.011683843670677168,0.011482395512626075,0.0,0.005062833502658869,0.009191176470588236,0.015064276720501561,0.2580645161290321
UGG,9260.0,0.012149468521192123,0.008220366473801761,0.0,0.00635845840855811,0.010796221322537113,0.016574585635359115,0.062015503875968984
UGU,9260.0,0.00938622571487049,0.008664881626483992,0.0,0.0039215686274509795,0.0076335877862595426,0.012483288770053478,0.11442786069651747
UUA,9260.0,0.00737433006492138,0.007846202654416807,0.0,0.0,0.0049261083743842365,0.01185068280164097,0.056213017751479306
UUC,9260.0,0.01989062912259161,0.011710236739950697,0.0,0.01160775739529873,0.017811704834605598,0.0262672379519161,0.10476190476190476
UUG,9260.0,0.012733413764033006,0.007784595116522232,0.0,0.006993006993006993,0.011952191235059759,0.017543859649122806,0.0684931506849315
UUU,9260.0,0.017088418338816802,0.01112653845587497,0.0,0.008768728390318862,0.01546754244783737,0.023809523809523808,0.10791366906474817
